--------------------------------------------------------
--  File created - Thursday-January-12-2023   
--------------------------------------------------------
DROP TABLE "SYS"."ANGAJAT" cascade constraints;
DROP TABLE "SYS"."CLIENT_" cascade constraints;
DROP TABLE "SYS"."CONTINE" cascade constraints;
DROP TABLE "SYS"."ECHIPAMENT" cascade constraints;
DROP TABLE "SYS"."JOB_" cascade constraints;
DROP TABLE "SYS"."PROCEDURA" cascade constraints;
DROP TABLE "SYS"."PROGRAMARE" cascade constraints;
DROP TABLE "SYS"."SALON" cascade constraints;
DROP TABLE "SYS"."TRATAMENT" cascade constraints;
DROP TABLE "SYS"."JOB_" cascade constraints;
DROP TABLE "SYS"."SALON" cascade constraints;
DROP TABLE "SYS"."PROGRAMARE" cascade constraints;
DROP TABLE "SYS"."PROCEDURA" cascade constraints;
DROP TABLE "SYS"."TRATAMENT" cascade constraints;
--------------------------------------------------------
--  DDL for Table ANGAJAT
--------------------------------------------------------

  CREATE TABLE "SYS"."ANGAJAT" 
   (	"ID_ANGAJAT" NUMBER(4,0), 
	"NUME_ANGAJAT" VARCHAR2(25 BYTE), 
	"PRENUME_ANGAJAT" VARCHAR2(25 BYTE), 
	"NR_TELEFON_ANGAJAT" VARCHAR2(15 BYTE), 
	"EMAIL_ANGAJAT" VARCHAR2(25 BYTE), 
	"SALARIU_ANGAJAT" NUMBER(8,2), 
	"STARE_ANGAJAT" VARCHAR2(11 BYTE), 
	"ID_SALON" NUMBER(4,0), 
	"ID_JOB" NUMBER(4,0)
   ) PCTFREE 10 PCTUSED 40 INITRANS 1 MAXTRANS 255 
 NOCOMPRESS LOGGING
  STORAGE(INITIAL 65536 NEXT 1048576 MINEXTENTS 1 MAXEXTENTS 2147483645
  PCTINCREASE 0 FREELISTS 1 FREELIST GROUPS 1
  BUFFER_POOL DEFAULT FLASH_CACHE DEFAULT CELL_FLASH_CACHE DEFAULT)
  TABLESPACE "SYSTEM" ;
--------------------------------------------------------
--  DDL for Table CLIENT_
--------------------------------------------------------

  CREATE TABLE "SYS"."CLIENT_" 
   (	"ID_CLIENT" NUMBER(4,0), 
	"NUME_CLIENT" VARCHAR2(25 BYTE), 
	"PRENUME_CLIENT" VARCHAR2(25 BYTE), 
	"NR_TELEFON_CLIENT" VARCHAR2(15 BYTE), 
	"ID_PROGRAMARE" NUMBER(4,0)
   ) PCTFREE 10 PCTUSED 40 INITRANS 1 MAXTRANS 255 
 NOCOMPRESS LOGGING
  STORAGE(INITIAL 65536 NEXT 1048576 MINEXTENTS 1 MAXEXTENTS 2147483645
  PCTINCREASE 0 FREELISTS 1 FREELIST GROUPS 1
  BUFFER_POOL DEFAULT FLASH_CACHE DEFAULT CELL_FLASH_CACHE DEFAULT)
  TABLESPACE "SYSTEM" ;
--------------------------------------------------------
--  DDL for Table CONTINE
--------------------------------------------------------

  CREATE TABLE "SYS"."CONTINE" 
   (	"ID_PROCEDURA" NUMBER(4,0), 
	"ID_TRATAMENT" NUMBER(4,0)
   ) PCTFREE 10 PCTUSED 40 INITRANS 1 MAXTRANS 255 
 NOCOMPRESS LOGGING
  STORAGE(INITIAL 65536 NEXT 1048576 MINEXTENTS 1 MAXEXTENTS 2147483645
  PCTINCREASE 0 FREELISTS 1 FREELIST GROUPS 1
  BUFFER_POOL DEFAULT FLASH_CACHE DEFAULT CELL_FLASH_CACHE DEFAULT)
  TABLESPACE "SYSTEM" ;
--------------------------------------------------------
--  DDL for Table ECHIPAMENT
--------------------------------------------------------

  CREATE TABLE "SYS"."ECHIPAMENT" 
   (	"ID_ECHIPAMENT" NUMBER(4,0), 
	"NUME_ECHIPAMENT" VARCHAR2(30 BYTE), 
	"UTILIZARE" VARCHAR2(40 BYTE), 
	"MARCA" VARCHAR2(30 BYTE), 
	"AN_REVIZIE" DATE, 
	"ID_SALON" NUMBER(4,0)
   ) PCTFREE 10 PCTUSED 40 INITRANS 1 MAXTRANS 255 
 NOCOMPRESS LOGGING
  STORAGE(INITIAL 65536 NEXT 1048576 MINEXTENTS 1 MAXEXTENTS 2147483645
  PCTINCREASE 0 FREELISTS 1 FREELIST GROUPS 1
  BUFFER_POOL DEFAULT FLASH_CACHE DEFAULT CELL_FLASH_CACHE DEFAULT)
  TABLESPACE "SYSTEM" ;
--------------------------------------------------------
--  DDL for Table JOB_
--------------------------------------------------------

  CREATE TABLE "SYS"."JOB_" 
   (	"ID_JOB" NUMBER(4,0), 
	"NUME_JOB" VARCHAR2(35 BYTE), 
	"ORE_LUCRU" NUMBER(2,0)
   ) PCTFREE 10 PCTUSED 40 INITRANS 1 MAXTRANS 255 
 NOCOMPRESS LOGGING
  STORAGE(INITIAL 65536 NEXT 1048576 MINEXTENTS 1 MAXEXTENTS 2147483645
  PCTINCREASE 0 FREELISTS 1 FREELIST GROUPS 1
  BUFFER_POOL DEFAULT FLASH_CACHE DEFAULT CELL_FLASH_CACHE DEFAULT)
  TABLESPACE "SYSTEM" ;
--------------------------------------------------------
--  DDL for Table PROCEDURA
--------------------------------------------------------

  CREATE TABLE "SYS"."PROCEDURA" 
   (	"ID_PROCEDURA" NUMBER(4,0), 
	"PRET" NUMBER(8,2), 
	"NUME_PROCEDURA" VARCHAR2(30 BYTE)
   ) PCTFREE 10 PCTUSED 40 INITRANS 1 MAXTRANS 255 
 NOCOMPRESS LOGGING
  STORAGE(INITIAL 65536 NEXT 1048576 MINEXTENTS 1 MAXEXTENTS 2147483645
  PCTINCREASE 0 FREELISTS 1 FREELIST GROUPS 1
  BUFFER_POOL DEFAULT FLASH_CACHE DEFAULT CELL_FLASH_CACHE DEFAULT)
  TABLESPACE "SYSTEM" ;
--------------------------------------------------------
--  DDL for Table PROGRAMARE
--------------------------------------------------------

  CREATE TABLE "SYS"."PROGRAMARE" 
   (	"ID_PROGRAMARE" NUMBER(4,0), 
	"TIP_PLATA" VARCHAR2(4 BYTE), 
	"DATA_PROGRAMARE" DATE, 
	"ORA_PROGRAMARE" VARCHAR2(6 BYTE), 
	"CLASA_ALERGENI" VARCHAR2(20 BYTE), 
	"ID_SALON" NUMBER(4,0), 
	"ID_PROCEDURA" NUMBER(4,0)
   ) PCTFREE 10 PCTUSED 40 INITRANS 1 MAXTRANS 255 
 NOCOMPRESS LOGGING
  STORAGE(INITIAL 65536 NEXT 1048576 MINEXTENTS 1 MAXEXTENTS 2147483645
  PCTINCREASE 0 FREELISTS 1 FREELIST GROUPS 1
  BUFFER_POOL DEFAULT FLASH_CACHE DEFAULT CELL_FLASH_CACHE DEFAULT)
  TABLESPACE "SYSTEM" ;
--------------------------------------------------------
--  DDL for Table SALON
--------------------------------------------------------

  CREATE TABLE "SYS"."SALON" 
   (	"ID_SALON" NUMBER(4,0), 
	"NUME" VARCHAR2(30 BYTE), 
	"STRADA" VARCHAR2(30 BYTE), 
	"NUMAR" NUMBER(4,0), 
	"ORAS" VARCHAR2(30 BYTE), 
	"JUDET" VARCHAR2(30 BYTE), 
	"NR_TELEFON" VARCHAR2(15 BYTE), 
	"EMAIL" VARCHAR2(30 BYTE), 
	"ORA_DESCHIDERE" VARCHAR2(6 BYTE), 
	"ORA_INCHIDERE" VARCHAR2(6 BYTE)
   ) PCTFREE 10 PCTUSED 40 INITRANS 1 MAXTRANS 255 
 NOCOMPRESS LOGGING
  STORAGE(INITIAL 65536 NEXT 1048576 MINEXTENTS 1 MAXEXTENTS 2147483645
  PCTINCREASE 0 FREELISTS 1 FREELIST GROUPS 1
  BUFFER_POOL DEFAULT FLASH_CACHE DEFAULT CELL_FLASH_CACHE DEFAULT)
  TABLESPACE "SYSTEM" ;
--------------------------------------------------------
--  DDL for Table TRATAMENT
--------------------------------------------------------

  CREATE TABLE "SYS"."TRATAMENT" 
   (	"ID_TRATAMENT" NUMBER(4,0), 
	"NUME_TRATAMENT" VARCHAR2(35 BYTE), 
	"MARCA_TRATAMENT" VARCHAR2(35 BYTE), 
	"CLASA_ALERGENI_TRATAMENT" VARCHAR2(35 BYTE)
   ) PCTFREE 10 PCTUSED 40 INITRANS 1 MAXTRANS 255 
 NOCOMPRESS LOGGING
  STORAGE(INITIAL 65536 NEXT 1048576 MINEXTENTS 1 MAXEXTENTS 2147483645
  PCTINCREASE 0 FREELISTS 1 FREELIST GROUPS 1
  BUFFER_POOL DEFAULT FLASH_CACHE DEFAULT CELL_FLASH_CACHE DEFAULT)
  TABLESPACE "SYSTEM" ;
--------------------------------------------------------
--  DDL for Table JOB_
--------------------------------------------------------

  CREATE TABLE "SYS"."JOB_" 
   (	"ID_JOB" NUMBER(4,0), 
	"NUME_JOB" VARCHAR2(35 BYTE), 
	"ORE_LUCRU" NUMBER(2,0)
   ) PCTFREE 10 PCTUSED 40 INITRANS 1 MAXTRANS 255 
 NOCOMPRESS LOGGING
  STORAGE(INITIAL 65536 NEXT 1048576 MINEXTENTS 1 MAXEXTENTS 2147483645
  PCTINCREASE 0 FREELISTS 1 FREELIST GROUPS 1
  BUFFER_POOL DEFAULT FLASH_CACHE DEFAULT CELL_FLASH_CACHE DEFAULT)
  TABLESPACE "SYSTEM" ;
--------------------------------------------------------
--  DDL for Table SALON
--------------------------------------------------------

  CREATE TABLE "SYS"."SALON" 
   (	"ID_SALON" NUMBER(4,0), 
	"NUME" VARCHAR2(30 BYTE), 
	"STRADA" VARCHAR2(30 BYTE), 
	"NUMAR" NUMBER(4,0), 
	"ORAS" VARCHAR2(30 BYTE), 
	"JUDET" VARCHAR2(30 BYTE), 
	"NR_TELEFON" VARCHAR2(15 BYTE), 
	"EMAIL" VARCHAR2(30 BYTE), 
	"ORA_DESCHIDERE" VARCHAR2(6 BYTE), 
	"ORA_INCHIDERE" VARCHAR2(6 BYTE)
   ) PCTFREE 10 PCTUSED 40 INITRANS 1 MAXTRANS 255 
 NOCOMPRESS LOGGING
  STORAGE(INITIAL 65536 NEXT 1048576 MINEXTENTS 1 MAXEXTENTS 2147483645
  PCTINCREASE 0 FREELISTS 1 FREELIST GROUPS 1
  BUFFER_POOL DEFAULT FLASH_CACHE DEFAULT CELL_FLASH_CACHE DEFAULT)
  TABLESPACE "SYSTEM" ;
--------------------------------------------------------
--  DDL for Table PROGRAMARE
--------------------------------------------------------

  CREATE TABLE "SYS"."PROGRAMARE" 
   (	"ID_PROGRAMARE" NUMBER(4,0), 
	"TIP_PLATA" VARCHAR2(4 BYTE), 
	"DATA_PROGRAMARE" DATE, 
	"ORA_PROGRAMARE" VARCHAR2(6 BYTE), 
	"CLASA_ALERGENI" VARCHAR2(20 BYTE), 
	"ID_SALON" NUMBER(4,0), 
	"ID_PROCEDURA" NUMBER(4,0)
   ) PCTFREE 10 PCTUSED 40 INITRANS 1 MAXTRANS 255 
 NOCOMPRESS LOGGING
  STORAGE(INITIAL 65536 NEXT 1048576 MINEXTENTS 1 MAXEXTENTS 2147483645
  PCTINCREASE 0 FREELISTS 1 FREELIST GROUPS 1
  BUFFER_POOL DEFAULT FLASH_CACHE DEFAULT CELL_FLASH_CACHE DEFAULT)
  TABLESPACE "SYSTEM" ;
--------------------------------------------------------
--  DDL for Table PROCEDURA
--------------------------------------------------------

  CREATE TABLE "SYS"."PROCEDURA" 
   (	"ID_PROCEDURA" NUMBER(4,0), 
	"PRET" NUMBER(8,2), 
	"NUME_PROCEDURA" VARCHAR2(30 BYTE)
   ) PCTFREE 10 PCTUSED 40 INITRANS 1 MAXTRANS 255 
 NOCOMPRESS LOGGING
  STORAGE(INITIAL 65536 NEXT 1048576 MINEXTENTS 1 MAXEXTENTS 2147483645
  PCTINCREASE 0 FREELISTS 1 FREELIST GROUPS 1
  BUFFER_POOL DEFAULT FLASH_CACHE DEFAULT CELL_FLASH_CACHE DEFAULT)
  TABLESPACE "SYSTEM" ;
--------------------------------------------------------
--  DDL for Table TRATAMENT
--------------------------------------------------------

  CREATE TABLE "SYS"."TRATAMENT" 
   (	"ID_TRATAMENT" NUMBER(4,0), 
	"NUME_TRATAMENT" VARCHAR2(35 BYTE), 
	"MARCA_TRATAMENT" VARCHAR2(35 BYTE), 
	"CLASA_ALERGENI_TRATAMENT" VARCHAR2(35 BYTE)
   ) PCTFREE 10 PCTUSED 40 INITRANS 1 MAXTRANS 255 
 NOCOMPRESS LOGGING
  STORAGE(INITIAL 65536 NEXT 1048576 MINEXTENTS 1 MAXEXTENTS 2147483645
  PCTINCREASE 0 FREELISTS 1 FREELIST GROUPS 1
  BUFFER_POOL DEFAULT FLASH_CACHE DEFAULT CELL_FLASH_CACHE DEFAULT)
  TABLESPACE "SYSTEM" ;
REM INSERTING into SYS.ANGAJAT
SET DEFINE OFF;
Insert into SYS.ANGAJAT (ID_ANGAJAT,NUME_ANGAJAT,PRENUME_ANGAJAT,NR_TELEFON_ANGAJAT,EMAIL_ANGAJAT,SALARIU_ANGAJAT,STARE_ANGAJAT,ID_SALON,ID_JOB) values (45,'Ionescu','Alina','0733388934','ionealina@gmail.com',4000,'la munca',5,145);
Insert into SYS.ANGAJAT (ID_ANGAJAT,NUME_ANGAJAT,PRENUME_ANGAJAT,NR_TELEFON_ANGAJAT,EMAIL_ANGAJAT,SALARIU_ANGAJAT,STARE_ANGAJAT,ID_SALON,ID_JOB) values (46,'Iona','Alin','0733388984','ionalin@gmail.com',3500,'la munca',2,781);
Insert into SYS.ANGAJAT (ID_ANGAJAT,NUME_ANGAJAT,PRENUME_ANGAJAT,NR_TELEFON_ANGAJAT,EMAIL_ANGAJAT,SALARIU_ANGAJAT,STARE_ANGAJAT,ID_SALON,ID_JOB) values (47,'Popescu','Ana','0733788984',null,4300,'la munca',4,147);
Insert into SYS.ANGAJAT (ID_ANGAJAT,NUME_ANGAJAT,PRENUME_ANGAJAT,NR_TELEFON_ANGAJAT,EMAIL_ANGAJAT,SALARIU_ANGAJAT,STARE_ANGAJAT,ID_SALON,ID_JOB) values (48,'Bonea','Carol','0733388924',null,3500,'in concediu',1,781);
Insert into SYS.ANGAJAT (ID_ANGAJAT,NUME_ANGAJAT,PRENUME_ANGAJAT,NR_TELEFON_ANGAJAT,EMAIL_ANGAJAT,SALARIU_ANGAJAT,STARE_ANGAJAT,ID_SALON,ID_JOB) values (49,'Myron','Maria','0733378984','myrn@gmail.com',3000,'la munca',3,167);
REM INSERTING into SYS.CLIENT_
SET DEFINE OFF;
REM INSERTING into SYS.CONTINE
SET DEFINE OFF;
REM INSERTING into SYS.ECHIPAMENT
SET DEFINE OFF;
Insert into SYS.ECHIPAMENT (ID_ECHIPAMENT,NUME_ECHIPAMENT,UTILIZARE,MARCA,AN_REVIZIE,ID_SALON) values (67,' Sterilizator ','sterilizeaza aparatura','Dyson',to_date('25-JUN-25','DD-MON-RR'),2);
Insert into SYS.ECHIPAMENT (ID_ECHIPAMENT,NUME_ECHIPAMENT,UTILIZARE,MARCA,AN_REVIZIE,ID_SALON) values (69,' Combina cosmetica ','lifting','iSalon',to_date('29-JUN-25','DD-MON-RR'),3);
Insert into SYS.ECHIPAMENT (ID_ECHIPAMENT,NUME_ECHIPAMENT,UTILIZARE,MARCA,AN_REVIZIE,ID_SALON) values (68,' Vapozon ','vaporizator','Dyson',to_date('25-SEP-25','DD-MON-RR'),1);
Insert into SYS.ECHIPAMENT (ID_ECHIPAMENT,NUME_ECHIPAMENT,UTILIZARE,MARCA,AN_REVIZIE,ID_SALON) values (70,' Pat cosmetic ','proceduri','PatSRL',to_date('25-JUN-35','DD-MON-RR'),5);
REM INSERTING into SYS.JOB_
SET DEFINE OFF;
Insert into SYS.JOB_ (ID_JOB,NUME_JOB,ORE_LUCRU) values (145,'Cosmetician',8);
Insert into SYS.JOB_ (ID_JOB,NUME_JOB,ORE_LUCRU) values (146,'Paznic ',10);
Insert into SYS.JOB_ (ID_JOB,NUME_JOB,ORE_LUCRU) values (147,'Receptioner ',8);
Insert into SYS.JOB_ (ID_JOB,NUME_JOB,ORE_LUCRU) values (167,' Auxiliar ',10);
Insert into SYS.JOB_ (ID_JOB,NUME_JOB,ORE_LUCRU) values (781,' Estetician ',8);
REM INSERTING into SYS.PROCEDURA
SET DEFINE OFF;
Insert into SYS.PROCEDURA (ID_PROCEDURA,PRET,NUME_PROCEDURA) values (16,3000,'Epilare definitiva');
Insert into SYS.PROCEDURA (ID_PROCEDURA,PRET,NUME_PROCEDURA) values (17,200,'Pensat');
Insert into SYS.PROCEDURA (ID_PROCEDURA,PRET,NUME_PROCEDURA) values (18,370,'Indepartarea punctelor negre');
Insert into SYS.PROCEDURA (ID_PROCEDURA,PRET,NUME_PROCEDURA) values (19,2300,'Intretinerea pometilor');
Insert into SYS.PROCEDURA (ID_PROCEDURA,PRET,NUME_PROCEDURA) values (20,500,'Epilare clasic');
REM INSERTING into SYS.PROGRAMARE
SET DEFINE OFF;
REM INSERTING into SYS.SALON
SET DEFINE OFF;
Insert into SYS.SALON (ID_SALON,NUME,STRADA,NUMAR,ORAS,JUDET,NR_TELEFON,EMAIL,ORA_DESCHIDERE,ORA_INCHIDERE) values (1,'Nubia','Str. Mihai Eminescu ',23,'Ploiesti','Prahova','0724160899','nubiasalon@gmail.com','08:00','18:00');
Insert into SYS.SALON (ID_SALON,NUME,STRADA,NUMAR,ORAS,JUDET,NR_TELEFON,EMAIL,ORA_DESCHIDERE,ORA_INCHIDERE) values (2,'Devine','Str. Mihai Petrescu ',70,'Campina','Prahova','0724160890','divinesalon@gmail.com','08:00','18:00');
Insert into SYS.SALON (ID_SALON,NUME,STRADA,NUMAR,ORAS,JUDET,NR_TELEFON,EMAIL,ORA_DESCHIDERE,ORA_INCHIDERE) values (3,'Estilo','Str. 25 Decembrie',7,'Breaza','Prahova','0724160894','estilo@gmail.com','09:00','18:00');
Insert into SYS.SALON (ID_SALON,NUME,STRADA,NUMAR,ORAS,JUDET,NR_TELEFON,EMAIL,ORA_DESCHIDERE,ORA_INCHIDERE) values (4,'Goddess','Str. Matei Basarab ',50,'Ploiesti','Prahova','0724160898','goddesssalon@gmail.com','08:00','18:30');
Insert into SYS.SALON (ID_SALON,NUME,STRADA,NUMAR,ORAS,JUDET,NR_TELEFON,EMAIL,ORA_DESCHIDERE,ORA_INCHIDERE) values (5,'Beauty','Str. Mihai Bravu',30,'Ploiesti','Prahova','0724160849','beautysalon@gmail.com','09:00','19:00');
REM INSERTING into SYS.TRATAMENT
SET DEFINE OFF;
Insert into SYS.TRATAMENT (ID_TRATAMENT,NUME_TRATAMENT,MARCA_TRATAMENT,CLASA_ALERGENI_TRATAMENT) values (90,'Protectie laser',null,'provoaca arsuri piele');
Insert into SYS.TRATAMENT (ID_TRATAMENT,NUME_TRATAMENT,MARCA_TRATAMENT,CLASA_ALERGENI_TRATAMENT) values (91,'Vopsea','L`oreal','amoniac');
Insert into SYS.TRATAMENT (ID_TRATAMENT,NUME_TRATAMENT,MARCA_TRATAMENT,CLASA_ALERGENI_TRATAMENT) values (92,'Crema indepartare','La roche Posay','niacinamida');
Insert into SYS.TRATAMENT (ID_TRATAMENT,NUME_TRATAMENT,MARCA_TRATAMENT,CLASA_ALERGENI_TRATAMENT) values (93,'Interfuse','SkinBetter','acid hialuronic');
Insert into SYS.TRATAMENT (ID_TRATAMENT,NUME_TRATAMENT,MARCA_TRATAMENT,CLASA_ALERGENI_TRATAMENT) values (94,'Ceara',null,'provoaca arsuri piele');
--------------------------------------------------------
--  Constraints for Table ANGAJAT
--------------------------------------------------------

  ALTER TABLE "SYS"."ANGAJAT" MODIFY ("NUME_ANGAJAT" CONSTRAINT "NUME_ANG_NN" NOT NULL ENABLE);
  ALTER TABLE "SYS"."ANGAJAT" MODIFY ("PRENUME_ANGAJAT" CONSTRAINT "PRENUME_ANG_NN" NOT NULL ENABLE);
  ALTER TABLE "SYS"."ANGAJAT" MODIFY ("NR_TELEFON_ANGAJAT" CONSTRAINT "NR_TELEFON_ANG_NN" NOT NULL ENABLE);
  ALTER TABLE "SYS"."ANGAJAT" MODIFY ("SALARIU_ANGAJAT" CONSTRAINT "SALARIU_ANG_NN" NOT NULL ENABLE);
  ALTER TABLE "SYS"."ANGAJAT" MODIFY ("STARE_ANGAJAT" CONSTRAINT "STARE_ANG_NN" NOT NULL ENABLE);
  ALTER TABLE "SYS"."ANGAJAT" ADD CONSTRAINT "SALARIU_ANG_CK" CHECK (salariu_angajat>0) ENABLE;
  ALTER TABLE "SYS"."ANGAJAT" ADD CONSTRAINT "STARE_ANG_CK" CHECK (stare_angajat in ('la munca','in concediu')) ENABLE;
  ALTER TABLE "SYS"."ANGAJAT" ADD CONSTRAINT "ANGAJAT_ID_ANG_PK" PRIMARY KEY ("ID_ANGAJAT")
  USING INDEX PCTFREE 10 INITRANS 2 MAXTRANS 255 
  STORAGE(INITIAL 65536 NEXT 1048576 MINEXTENTS 1 MAXEXTENTS 2147483645
  PCTINCREASE 0 FREELISTS 1 FREELIST GROUPS 1
  BUFFER_POOL DEFAULT FLASH_CACHE DEFAULT CELL_FLASH_CACHE DEFAULT)
  TABLESPACE "SYSTEM"  ENABLE;
  ALTER TABLE "SYS"."ANGAJAT" ADD CONSTRAINT "NR_TELEFON_ANG_U" UNIQUE ("NR_TELEFON_ANGAJAT")
  USING INDEX PCTFREE 10 INITRANS 2 MAXTRANS 255 
  STORAGE(INITIAL 65536 NEXT 1048576 MINEXTENTS 1 MAXEXTENTS 2147483645
  PCTINCREASE 0 FREELISTS 1 FREELIST GROUPS 1
  BUFFER_POOL DEFAULT FLASH_CACHE DEFAULT CELL_FLASH_CACHE DEFAULT)
  TABLESPACE "SYSTEM"  ENABLE;
  ALTER TABLE "SYS"."ANGAJAT" ADD CONSTRAINT "EMAIL_ANG_U" UNIQUE ("EMAIL_ANGAJAT")
  USING INDEX PCTFREE 10 INITRANS 2 MAXTRANS 255 
  STORAGE(INITIAL 65536 NEXT 1048576 MINEXTENTS 1 MAXEXTENTS 2147483645
  PCTINCREASE 0 FREELISTS 1 FREELIST GROUPS 1
  BUFFER_POOL DEFAULT FLASH_CACHE DEFAULT CELL_FLASH_CACHE DEFAULT)
  TABLESPACE "SYSTEM"  ENABLE;
  ALTER TABLE "SYS"."ANGAJAT" ADD CONSTRAINT "NUME_PRENUME_U" UNIQUE ("NUME_ANGAJAT", "PRENUME_ANGAJAT")
  USING INDEX PCTFREE 10 INITRANS 2 MAXTRANS 255 
  STORAGE(INITIAL 65536 NEXT 1048576 MINEXTENTS 1 MAXEXTENTS 2147483645
  PCTINCREASE 0 FREELISTS 1 FREELIST GROUPS 1
  BUFFER_POOL DEFAULT FLASH_CACHE DEFAULT CELL_FLASH_CACHE DEFAULT)
  TABLESPACE "SYSTEM"  ENABLE;
--------------------------------------------------------
--  Constraints for Table CLIENT_
--------------------------------------------------------

  ALTER TABLE "SYS"."CLIENT_" MODIFY ("NUME_CLIENT" CONSTRAINT "NUME_CL_NN" NOT NULL ENABLE);
  ALTER TABLE "SYS"."CLIENT_" MODIFY ("PRENUME_CLIENT" CONSTRAINT "PRENUME_CL_NN" NOT NULL ENABLE);
  ALTER TABLE "SYS"."CLIENT_" MODIFY ("NR_TELEFON_CLIENT" CONSTRAINT "NR_TELEFON_CL_NN" NOT NULL ENABLE);
  ALTER TABLE "SYS"."CLIENT_" ADD CONSTRAINT "CLIENT_ID_CL_PK" PRIMARY KEY ("ID_CLIENT")
  USING INDEX PCTFREE 10 INITRANS 2 MAXTRANS 255 
  STORAGE(INITIAL 65536 NEXT 1048576 MINEXTENTS 1 MAXEXTENTS 2147483645
  PCTINCREASE 0 FREELISTS 1 FREELIST GROUPS 1
  BUFFER_POOL DEFAULT FLASH_CACHE DEFAULT CELL_FLASH_CACHE DEFAULT)
  TABLESPACE "SYSTEM"  ENABLE;
  ALTER TABLE "SYS"."CLIENT_" ADD CONSTRAINT "NUME_PRENUME_CL_CK" UNIQUE ("NUME_CLIENT", "PRENUME_CLIENT")
  USING INDEX PCTFREE 10 INITRANS 2 MAXTRANS 255 
  STORAGE(INITIAL 65536 NEXT 1048576 MINEXTENTS 1 MAXEXTENTS 2147483645
  PCTINCREASE 0 FREELISTS 1 FREELIST GROUPS 1
  BUFFER_POOL DEFAULT FLASH_CACHE DEFAULT CELL_FLASH_CACHE DEFAULT)
  TABLESPACE "SYSTEM"  ENABLE;
  ALTER TABLE "SYS"."CLIENT_" ADD CONSTRAINT "NR_TELEFON_CL_U" UNIQUE ("NR_TELEFON_CLIENT")
  USING INDEX PCTFREE 10 INITRANS 2 MAXTRANS 255 
  STORAGE(INITIAL 65536 NEXT 1048576 MINEXTENTS 1 MAXEXTENTS 2147483645
  PCTINCREASE 0 FREELISTS 1 FREELIST GROUPS 1
  BUFFER_POOL DEFAULT FLASH_CACHE DEFAULT CELL_FLASH_CACHE DEFAULT)
  TABLESPACE "SYSTEM"  ENABLE;
--------------------------------------------------------
--  Constraints for Table CONTINE
--------------------------------------------------------

  ALTER TABLE "SYS"."CONTINE" ADD CONSTRAINT "CONTINE_PK" PRIMARY KEY ("ID_PROCEDURA", "ID_TRATAMENT")
  USING INDEX PCTFREE 10 INITRANS 2 MAXTRANS 255 
  STORAGE(INITIAL 65536 NEXT 1048576 MINEXTENTS 1 MAXEXTENTS 2147483645
  PCTINCREASE 0 FREELISTS 1 FREELIST GROUPS 1
  BUFFER_POOL DEFAULT FLASH_CACHE DEFAULT CELL_FLASH_CACHE DEFAULT)
  TABLESPACE "SYSTEM"  ENABLE;
--------------------------------------------------------
--  Constraints for Table ECHIPAMENT
--------------------------------------------------------

  ALTER TABLE "SYS"."ECHIPAMENT" MODIFY ("NUME_ECHIPAMENT" CONSTRAINT "NUME_ECH_NN" NOT NULL ENABLE);
  ALTER TABLE "SYS"."ECHIPAMENT" ADD CONSTRAINT "ECHIPAMENT_ID_ECH_PK" PRIMARY KEY ("ID_ECHIPAMENT")
  USING INDEX PCTFREE 10 INITRANS 2 MAXTRANS 255 
  STORAGE(INITIAL 65536 NEXT 1048576 MINEXTENTS 1 MAXEXTENTS 2147483645
  PCTINCREASE 0 FREELISTS 1 FREELIST GROUPS 1
  BUFFER_POOL DEFAULT FLASH_CACHE DEFAULT CELL_FLASH_CACHE DEFAULT)
  TABLESPACE "SYSTEM"  ENABLE;
--------------------------------------------------------
--  Constraints for Table JOB_
--------------------------------------------------------

  ALTER TABLE "SYS"."JOB_" MODIFY ("NUME_JOB" CONSTRAINT "NUME_JOB_NN" NOT NULL ENABLE);
  ALTER TABLE "SYS"."JOB_" MODIFY ("ORE_LUCRU" CONSTRAINT "ORE_LUCRU_NN" NOT NULL ENABLE);
  ALTER TABLE "SYS"."JOB_" ADD CONSTRAINT "JOB_ID_JOB_PK" PRIMARY KEY ("ID_JOB")
  USING INDEX PCTFREE 10 INITRANS 2 MAXTRANS 255 
  STORAGE(INITIAL 65536 NEXT 1048576 MINEXTENTS 1 MAXEXTENTS 2147483645
  PCTINCREASE 0 FREELISTS 1 FREELIST GROUPS 1
  BUFFER_POOL DEFAULT FLASH_CACHE DEFAULT CELL_FLASH_CACHE DEFAULT)
  TABLESPACE "SYSTEM"  ENABLE;
--------------------------------------------------------
--  Constraints for Table PROCEDURA
--------------------------------------------------------

  ALTER TABLE "SYS"."PROCEDURA" MODIFY ("PRET" CONSTRAINT "PRET_NN" NOT NULL ENABLE);
  ALTER TABLE "SYS"."PROCEDURA" MODIFY ("NUME_PROCEDURA" CONSTRAINT "NUME_PROD_NN" NOT NULL ENABLE);
  ALTER TABLE "SYS"."PROCEDURA" ADD CONSTRAINT "PROCEDURA_ID_PROD_PK" PRIMARY KEY ("ID_PROCEDURA")
  USING INDEX PCTFREE 10 INITRANS 2 MAXTRANS 255 
  STORAGE(INITIAL 65536 NEXT 1048576 MINEXTENTS 1 MAXEXTENTS 2147483645
  PCTINCREASE 0 FREELISTS 1 FREELIST GROUPS 1
  BUFFER_POOL DEFAULT FLASH_CACHE DEFAULT CELL_FLASH_CACHE DEFAULT)
  TABLESPACE "SYSTEM"  ENABLE;
--------------------------------------------------------
--  Constraints for Table PROGRAMARE
--------------------------------------------------------

  ALTER TABLE "SYS"."PROGRAMARE" MODIFY ("TIP_PLATA" CONSTRAINT "TIP_PL_NN" NOT NULL ENABLE);
  ALTER TABLE "SYS"."PROGRAMARE" MODIFY ("ORA_PROGRAMARE" CONSTRAINT "ORA_PROG_NN" NOT NULL ENABLE);
  ALTER TABLE "SYS"."PROGRAMARE" ADD CONSTRAINT "TIP_PL_CK" CHECK (tip_plata in ('cash','card')) ENABLE;
  ALTER TABLE "SYS"."PROGRAMARE" ADD CONSTRAINT "PROGRAMARE_ID_PROG_PK" PRIMARY KEY ("ID_PROGRAMARE")
  USING INDEX PCTFREE 10 INITRANS 2 MAXTRANS 255 
  STORAGE(INITIAL 65536 NEXT 1048576 MINEXTENTS 1 MAXEXTENTS 2147483645
  PCTINCREASE 0 FREELISTS 1 FREELIST GROUPS 1
  BUFFER_POOL DEFAULT FLASH_CACHE DEFAULT CELL_FLASH_CACHE DEFAULT)
  TABLESPACE "SYSTEM"  ENABLE;
--------------------------------------------------------
--  Constraints for Table SALON
--------------------------------------------------------

  ALTER TABLE "SYS"."SALON" MODIFY ("NUME" CONSTRAINT "NUME_NN" NOT NULL ENABLE);
  ALTER TABLE "SYS"."SALON" MODIFY ("STRADA" CONSTRAINT "STRADA_NN" NOT NULL ENABLE);
  ALTER TABLE "SYS"."SALON" MODIFY ("NUMAR" CONSTRAINT "NUMAR_NN" NOT NULL ENABLE);
  ALTER TABLE "SYS"."SALON" MODIFY ("ORAS" CONSTRAINT "ORAS_NN" NOT NULL ENABLE);
  ALTER TABLE "SYS"."SALON" MODIFY ("JUDET" CONSTRAINT "JUDET_NN" NOT NULL ENABLE);
  ALTER TABLE "SYS"."SALON" MODIFY ("NR_TELEFON" CONSTRAINT "NR_TELEFON_NN" NOT NULL ENABLE);
  ALTER TABLE "SYS"."SALON" MODIFY ("ORA_DESCHIDERE" CONSTRAINT "ORA_DESCHIDERE_NN" NOT NULL ENABLE);
  ALTER TABLE "SYS"."SALON" MODIFY ("ORA_INCHIDERE" CONSTRAINT "ORA_INCHIDERE_NN" NOT NULL ENABLE);
  ALTER TABLE "SYS"."SALON" ADD CONSTRAINT "SALON_IN_DES_CK" CHECK (ora_inchidere>ora_deschidere) ENABLE;
  ALTER TABLE "SYS"."SALON" ADD CONSTRAINT "SALON_ID_SAL_PK" PRIMARY KEY ("ID_SALON")
  USING INDEX PCTFREE 10 INITRANS 2 MAXTRANS 255 
  STORAGE(INITIAL 65536 NEXT 1048576 MINEXTENTS 1 MAXEXTENTS 2147483645
  PCTINCREASE 0 FREELISTS 1 FREELIST GROUPS 1
  BUFFER_POOL DEFAULT FLASH_CACHE DEFAULT CELL_FLASH_CACHE DEFAULT)
  TABLESPACE "SYSTEM"  ENABLE;
  ALTER TABLE "SYS"."SALON" ADD CONSTRAINT "NR_TELEFON_U" UNIQUE ("NR_TELEFON")
  USING INDEX PCTFREE 10 INITRANS 2 MAXTRANS 255 
  STORAGE(INITIAL 65536 NEXT 1048576 MINEXTENTS 1 MAXEXTENTS 2147483645
  PCTINCREASE 0 FREELISTS 1 FREELIST GROUPS 1
  BUFFER_POOL DEFAULT FLASH_CACHE DEFAULT CELL_FLASH_CACHE DEFAULT)
  TABLESPACE "SYSTEM"  ENABLE;
  ALTER TABLE "SYS"."SALON" ADD CONSTRAINT "EMAIL_U" UNIQUE ("EMAIL")
  USING INDEX PCTFREE 10 INITRANS 2 MAXTRANS 255 
  STORAGE(INITIAL 65536 NEXT 1048576 MINEXTENTS 1 MAXEXTENTS 2147483645
  PCTINCREASE 0 FREELISTS 1 FREELIST GROUPS 1
  BUFFER_POOL DEFAULT FLASH_CACHE DEFAULT CELL_FLASH_CACHE DEFAULT)
  TABLESPACE "SYSTEM"  ENABLE;
--------------------------------------------------------
--  Constraints for Table TRATAMENT
--------------------------------------------------------

  ALTER TABLE "SYS"."TRATAMENT" MODIFY ("NUME_TRATAMENT" CONSTRAINT "NUME_TR_NN" NOT NULL ENABLE);
  ALTER TABLE "SYS"."TRATAMENT" MODIFY ("CLASA_ALERGENI_TRATAMENT" CONSTRAINT "CLASA_AL_TRAT_NN" NOT NULL ENABLE);
  ALTER TABLE "SYS"."TRATAMENT" ADD CONSTRAINT "TRATAMENT_ID_TRAT_PK" PRIMARY KEY ("ID_TRATAMENT")
  USING INDEX PCTFREE 10 INITRANS 2 MAXTRANS 255 
  STORAGE(INITIAL 65536 NEXT 1048576 MINEXTENTS 1 MAXEXTENTS 2147483645
  PCTINCREASE 0 FREELISTS 1 FREELIST GROUPS 1
  BUFFER_POOL DEFAULT FLASH_CACHE DEFAULT CELL_FLASH_CACHE DEFAULT)
  TABLESPACE "SYSTEM"  ENABLE;
--------------------------------------------------------
--  Ref Constraints for Table ANGAJAT
--------------------------------------------------------

  ALTER TABLE "SYS"."ANGAJAT" ADD CONSTRAINT "ANGAJAT_ID_SAL_FK" FOREIGN KEY ("ID_SALON")
	  REFERENCES "SYS"."SALON" ("ID_SALON") ON DELETE CASCADE ENABLE;
  ALTER TABLE "SYS"."ANGAJAT" ADD CONSTRAINT "ANGAJAT_ID_JB_FK" FOREIGN KEY ("ID_JOB")
	  REFERENCES "SYS"."JOB_" ("ID_JOB") ON DELETE CASCADE ENABLE;
--------------------------------------------------------
--  Ref Constraints for Table CLIENT_
--------------------------------------------------------

  ALTER TABLE "SYS"."CLIENT_" ADD CONSTRAINT "CLIENT_PROG_FK" FOREIGN KEY ("ID_PROGRAMARE")
	  REFERENCES "SYS"."PROGRAMARE" ("ID_PROGRAMARE") ON DELETE CASCADE ENABLE;
--------------------------------------------------------
--  Ref Constraints for Table CONTINE
--------------------------------------------------------

  ALTER TABLE "SYS"."CONTINE" ADD CONSTRAINT "CONTINE_ID_PROD_FK" FOREIGN KEY ("ID_PROCEDURA")
	  REFERENCES "SYS"."PROCEDURA" ("ID_PROCEDURA") ON DELETE CASCADE ENABLE;
  ALTER TABLE "SYS"."CONTINE" ADD CONSTRAINT "CONTINE_ID_TRAT_FK" FOREIGN KEY ("ID_TRATAMENT")
	  REFERENCES "SYS"."TRATAMENT" ("ID_TRATAMENT") ON DELETE CASCADE ENABLE;
--------------------------------------------------------
--  Ref Constraints for Table ECHIPAMENT
--------------------------------------------------------

  ALTER TABLE "SYS"."ECHIPAMENT" ADD CONSTRAINT "ECHIPAMENT_ID_SAL_FK" FOREIGN KEY ("ID_SALON")
	  REFERENCES "SYS"."SALON" ("ID_SALON") ON DELETE CASCADE ENABLE;
--------------------------------------------------------
--  Ref Constraints for Table PROGRAMARE
--------------------------------------------------------

  ALTER TABLE "SYS"."PROGRAMARE" ADD CONSTRAINT "PROGRAMARE_ID_SAL_FK" FOREIGN KEY ("ID_SALON")
	  REFERENCES "SYS"."SALON" ("ID_SALON") ON DELETE CASCADE ENABLE;
  ALTER TABLE "SYS"."PROGRAMARE" ADD CONSTRAINT "PROGRAMARE_ID_PROD_FK" FOREIGN KEY ("ID_PROCEDURA")
	  REFERENCES "SYS"."PROCEDURA" ("ID_PROCEDURA") ON DELETE CASCADE ENABLE;
